business_name,rating,total_ratings,address,phone_number,website,google_map
California Plumbing,4.9,(746),Plumber,+1 619-787-3443,https://www.californiaplumbingsd.com/,https://www.google.com/maps/place/California+Plumbing/data=!4m7!3m6!1s0x80d94f8e3256ff05:0x1d0c310e5b17c892!8m2!3d32.8245525!4d-117.1026274!16s%2Fg%2F11dxm8v8xd!19sChIJBf9WMo5P2YARksgXWw4xDB0?authuser=0&hl=en&rclk=1
Aim Plumbing California,4.9,(53),Plumber,+1 619-788-7141,https://www.aimplumbingcalifornia.com/,https://www.google.com/maps/place/Aim+Plumbing+California/data=!4m7!3m6!1s0x80d954feeddba5a7:0x47db67fc24e41581!8m2!3d33.763888!4d-117.174015!16s%2Fg%2F11dxlg4jnx!19sChIJp6Xb7f5U2YARgRXkJPxn20c?authuser=0&hl=en&rclk=1
Mr. Rooter Plumbing of South and Central Valley,4.9,(158),Plumber,+1 559-201-8772,https://www.mrrooter.com/south-and-central-valley/?cid=LSTL_MRR000199&utm_source=gmb&utm_campaign=local&utm_medium=organic,https://www.google.com/maps/place/Mr.+Rooter+Plumbing+of+South+and+Central+Valley/data=!4m7!3m6!1s0x80945fdf9612dd59:0xeeb57599b428f76f!8m2!3d36.6929566!4d-119.7879357!16s%2Fg%2F11clytq7yq!19sChIJWd0Slt9flIARb_cotJl1te4?authuser=0&hl=en&rclk=1
"LA Plumbing Company | Plumber in Torrance Redondo Beach, CA",4.9,(87),Plumber,+1 424-677-2359,http://losangelescaplumbing.com/,"https://www.google.com/maps/place/LA+Plumbing+Company+%7C+Plumber+in+Torrance+Redondo+Beach,+CA/data=!4m7!3m6!1s0x80dd4b26e5591dff:0x62e4f9812bb35744!8m2!3d33.840612!4d-118.3240397!16s%2Fg%2F11h034kprm!19sChIJ_x1Z5SZL3YARRFezK4H55GI?authuser=0&hl=en&rclk=1"
Sashaluna LLC dba Mr Rooter Plumbing of Northern California,4.9,(106),Plumber,+1 530-342-9000,http://mrrooter.com/north-california,https://www.google.com/maps/place/Sashaluna+LLC+dba+Mr+Rooter+Plumbing+of+Northern+California/data=!4m7!3m6!1s0x8083262535183e47:0x2a221393e42a2bfd!8m2!3d39.71469!4d-121.822039!16s%2Fg%2F1td00q33!19sChIJRz4YNSUmg4AR_Ssq5JMTIio?authuser=0&hl=en&rclk=1
"Cali-Rooter & Plumbing, Inc.",4.9,(84),Plumber,+1 818-331-5842,http://www.calirooters.com/,"https://www.google.com/maps/place/Cali-Rooter+%26+Plumbing,+Inc./data=!4m7!3m6!1s0x80c2c74d521d362b:0x8b34f99db48e8d21!8m2!3d34.0911789!4d-118.286405!16s%2Fg%2F11c717d92c!19sChIJKzYdUk3HwoARIY2OtJ35NIs?authuser=0&hl=en&rclk=1"
Rooter Hero Plumbing & Air of Los Angeles,4.8,"(1,050)",Plumber,+1 310-773-0660,https://rooterhero.com/plumber-los-angeles-ca-plumbing-repair-service,https://www.google.com/maps/place/Rooter+Hero+Plumbing+%26+Air+of+Los+Angeles/data=!4m7!3m6!1s0x80dd34dcb54b2d7d:0xa443531eb0e0e57!8m2!3d33.9008643!4d-118.3094446!16s%2Fg%2F12mkw9zqv!19sChIJfS1Ltdw03YARVw4O6zE1RAo?authuser=0&hl=en&rclk=1
"Pro Plumbers Inc Corona, CA",4.8,(111),Plumber,+1 951-298-9356,https://www.proplumbersinc.com/service-area/corona-ca,"https://www.google.com/maps/place/Pro+Plumbers+Inc+Corona,+CA/data=!4m7!3m6!1s0x80dcc7ef7b9c7745:0x545ba29426a1a34c!8m2!3d33.8831123!4d-117.6008022!16s%2Fg%2F11r3vsg257!19sChIJRXece-_H3IARTKOhJpSiW1Q?authuser=0&hl=en&rclk=1"
Pacific Plumbing of Southern California,4.5,(23),Plumber,+1 714-699-9936,https://www.pacificplumbingsocal.com/,https://www.google.com/maps/place/Pacific+Plumbing+of+Southern+California/data=!4m7!3m6!1s0x80dcdd4fffffffff:0x9a754f300286f8c5!8m2!3d33.7558971!4d-117.8613782!16s%2Fg%2F1263jnjhf!19sChIJ_____0_d3IARxfiGAjBPdZo?authuser=0&hl=en&rclk=1
New Generation Plumbing,4.8,(118),Plumber,+1 323-274-4863,http://newgenerationplumbingcontractor.com/,https://www.google.com/maps/place/New+Generation+Plumbing/data=!4m7!3m6!1s0x80c2c41c7103026d:0xf5d7d7cc2049d827!8m2!3d34.106057!4d-118.20054!16s%2Fg%2F11g9q4qz7l!19sChIJbQIDcRzEwoARJ9hJIMzX1_U?authuser=0&hl=en&rclk=1
John's Plumbing & Drain Services,4.9,(211),Plumber,+1 323-422-7485,https://johnsplumber.com/,https://www.google.com/maps/place/John%27s+Plumbing+%26+Drain+Services/data=!4m7!3m6!1s0x80c2c0dd24b41faf:0xca6167c38b9cd6e9!8m2!3d34.122568!4d-118.2633217!16s%2Fg%2F11c6_vn6g1!19sChIJrx-0JN3AwoAR6daci8NnYco?authuser=0&hl=en&rclk=1
PDS Plumbing and Air,4.8,(440),Plumber,+1 559-900-2737,http://pdsplumbingandair.com/?utm_source=google&utm_medium=wix_google_business_profile&utm_campaign=2251387325531499966,https://www.google.com/maps/place/PDS+Plumbing+and+Air/data=!4m7!3m6!1s0x8094672984611b47:0x6f0beb0bc04dc5c6!8m2!3d36.816796!4d-119.6973616!16s%2Fg%2F11jg9nyskd!19sChIJRxthhClnlIARxsVNwAvrC28?authuser=0&hl=en&rclk=1
Orange Coast Plumbing,4.9,"(1,076)",Plumber,+1 714-831-5119,https://orangecoastplumbing.net/,https://www.google.com/maps/place/Orange+Coast+Plumbing/data=!4m7!3m6!1s0x80dcd86d4691eae3:0x56438290256d7f8c!8m2!3d33.758419!4d-117.9120025!16s%2Fg%2F1tj3lcv2!19sChIJ4-qRRm3Y3IARjH9tJZCCQ1Y?authuser=0&hl=en&rclk=1
Valley Plumbing,4.7,"(1,327)",Plumber,+1 760-493-6727,https://www.valley-plumbing.com/,https://www.google.com/maps/place/Valley+Plumbing/data=!4m7!3m6!1s0x80daf83001051de5:0x5fc1a717a45f8eda!8m2!3d33.7515004!4d-116.288183!16s%2Fg%2F1tjrq82j!19sChIJ5R0FATD42oAR2o5fpBenwV8?authuser=0&hl=en&rclk=1
CA ROOTER AND PLUMBING,4.8,(71),Plumber,+1 626-641-2453,https://www.facebook.com/Carooterandpluming,https://www.google.com/maps/place/CA+ROOTER+AND+PLUMBING/data=!4m7!3m6!1s0x80c329cb32e3ffff:0x344138090de095b0!8m2!3d34.0695611!4d-117.9053067!16s%2Fg%2F11gfnhwqfw!19sChIJ___jMsspw4ARsJXgDQk4QTQ?authuser=0&hl=en&rclk=1
Valencia's Plumbing,4.9,(105),Plumber,+1 323-489-9276,,https://www.google.com/maps/place/Valencia%27s+Plumbing/data=!4m7!3m6!1s0x80c2c984f238c1f3:0xf966c99ab7046ae!8m2!3d33.9584001!4d-118.2445001!16s%2Fg%2F11jnq3hy9_!19sChIJ88E48oTJwoARrkZwq5lslg8?authuser=0&hl=en&rclk=1
Guardian Plumbers,4.9,"(1,513)",Plumber,+1 951-254-7077,https://guardianplumbers.com/locations/temecula/?utm_source=google&utm_medium=organic&utm_campaign=maps,https://www.google.com/maps/place/Guardian+Plumbers/data=!4m7!3m6!1s0x80dc83389762563b:0xe56826f0a1dba6a8!8m2!3d33.5059218!4d-117.1605454!16s%2Fg%2F1tfpk35m!19sChIJO1ZilziD3IARqKbbofAmaOU?authuser=0&hl=en&rclk=1
All Flow Plumbing,4.9,(57),Plumber,+1 559-308-5777,,https://www.google.com/maps/place/All+Flow+Plumbing/data=!4m7!3m6!1s0x80953de8b7f7b84d:0x5ddba32658d29eb4!8m2!3d36.2668756!4d-118.7769775!16s%2Fg%2F11pqchc2t4!19sChIJTbj3t-g9lYARtJ7SWCaj210?authuser=0&hl=en&rclk=1
Visalia Plumbing Inc.,4.7,(63),Plumber,+1 559-627-5325,http://www.visaliaplumbinginc.com/,https://www.google.com/maps/place/Visalia+Plumbing+Inc./data=!4m7!3m6!1s0x809527bd589556b5:0x70a7bcbb52df402b!8m2!3d36.328883!4d-119.2680399!16s%2Fg%2F1td7nknk!19sChIJtVaVWL0nlYARK0DfUru8p3A?authuser=0&hl=en&rclk=1
Armstrong Plumbing Inc,4.8,"(1,084)",Plumber,+1 916-641-0886,https://www.armstrongplumbing.net/,https://www.google.com/maps/place/Armstrong+Plumbing+Inc/data=!4m7!3m6!1s0x809ad9edc52ffb6d:0xef85787feae79adf!8m2!3d38.6122116!4d-121.423586!16s%2Fg%2F1tctm0vn!19sChIJbfsvxe3ZmoAR35rn6n94he8?authuser=0&hl=en&rclk=1
CA ROOTER AND PLUMBING,4.8,(71),Plumber,+1 626-641-2453,https://www.facebook.com/Carooterandpluming,https://www.google.com/maps/place/CA+ROOTER+AND+PLUMBING/data=!4m7!3m6!1s0x80c329cb32e3ffff:0x344138090de095b0!8m2!3d34.0695611!4d-117.9053067!16s%2Fg%2F11gfnhwqfw!19sChIJ___jMsspw4ARsJXgDQk4QTQ?authuser=0&hl=en&rclk=1
All Flow Plumbing,4.9,(57),Plumber,+1 559-308-5777,,https://www.google.com/maps/place/All+Flow+Plumbing/data=!4m7!3m6!1s0x80953de8b7f7b84d:0x5ddba32658d29eb4!8m2!3d36.2668756!4d-118.7769775!16s%2Fg%2F11pqchc2t4!19sChIJTbj3t-g9lYARtJ7SWCaj210?authuser=0&hl=en&rclk=1
All Star Plumbing Fresno,4.7,(168),Plumber,+1 559-445-9999,http://www.allstarplumbingfresno.com/,https://www.google.com/maps/place/All+Star+Plumbing+Fresno/data=!4m7!3m6!1s0x80946755eefaad0b:0x36f3fd29aa2c88db!8m2!3d36.8151976!4d-119.8921305!16s%2Fg%2F11b88q558b!19sChIJC6367lVnlIAR24gsqin98zY?authuser=0&hl=en&rclk=1
Mid Valley Rooter Services Inc,4.9,(288),Plumber,+1 559-602-0589,https://www.midvalleyrooter.com/,https://www.google.com/maps/place/Mid+Valley+Rooter+Services+Inc/data=!4m7!3m6!1s0x80952fc5c9889ea9:0x45a6b55d3a4b6513!8m2!3d36.5233983!4d-119.5664996!16s%2Fg%2F11jgtchdzk!19sChIJqZ6IycUvlYARE2VLOl21pkU?authuser=0&hl=en&rclk=1
Bob The Plumber Inc,4.9,(271),Plumber,+1 951-743-4825,http://callbobtheplumber.com/,https://www.google.com/maps/place/Bob+The+Plumber+Inc/data=!4m7!3m6!1s0x80dca71574698e9b:0xc0bfba25e91f562b!8m2!3d33.9240711!4d-117.1695809!16s%2Fg%2F11c6zymfjw!19sChIJm45pdBWn3IARK1Yf6SW6v8A?authuser=0&hl=en&rclk=1
Fito Plumbers Inc.,4.8,(91),Plumber,+1 510-755-5974,https://fitoplumbers.com/,https://www.google.com/maps/place/Fito+Plumbers+Inc./data=!4m7!3m6!1s0x808f93c842a664c3:0x5dd50f833a9dff79!8m2!3d37.6815763!4d-122.0631261!16s%2Fg%2F11ggrqyhss!19sChIJw2SmQsiTj4ARef-dOoMP1V0?authuser=0&hl=en&rclk=1
Armstrong Plumbing Inc,4.8,"(1,084)",Plumber,+1 916-641-0886,https://www.armstrongplumbing.net/,https://www.google.com/maps/place/Armstrong+Plumbing+Inc/data=!4m7!3m6!1s0x809ad9edc52ffb6d:0xef85787feae79adf!8m2!3d38.6122116!4d-121.423586!16s%2Fg%2F1tctm0vn!19sChIJbfsvxe3ZmoAR35rn6n94he8?authuser=0&hl=en&rclk=1
So Cal Plumbing Heating & Air Conditioning,4.9,(195),Plumber,+1 310-686-0777,https://socalphac.com/,https://www.google.com/maps/place/So+Cal+Plumbing+Heating+%26+Air+Conditioning/data=!4m7!3m6!1s0x80c2b51f607da5d9:0xda72643f1edde98f!8m2!3d33.8530812!4d-118.3610134!16s%2Fg%2F11gnnldn7l!19sChIJ2aV9YB-1woARj-ndHj9kcto?authuser=0&hl=en&rclk=1
Best Quality Plumbing Inc,4.7,(101),Plumber,+1 818-282-5846,https://www.thebestqualityplumbing.com/,https://www.google.com/maps/place/Best+Quality+Plumbing+Inc/data=!4m7!3m6!1s0x80c290cf8c6994d3:0x23d59b0f086be39a!8m2!3d34.3183913!4d-118.4631744!16s%2Fg%2F11cs36gl1f!19sChIJ05RpjM-QwoARmuNrCA-b1SM?authuser=0&hl=en&rclk=1
"PR Plumbing, Heating & Air Conditioning Inc.",4.8,"(1,399)",Plumber,+1 559-244-0440,https://www.prplumbingfresno.com/?utm_source=omg-gbp&utm_medium=webclick,"https://www.google.com/maps/place/PR+Plumbing,+Heating+%26+Air+Conditioning+Inc./data=!4m7!3m6!1s0x80945db06cd06e31:0x812f6a121ffb2bc6!8m2!3d36.7633562!4d-119.7449305!16s%2Fg%2F1tdw3qsw!19sChIJMW7QbLBdlIARxiv7HxJqL4E?authuser=0&hl=en&rclk=1"
Americana Plumbing Experts Inc.,5.0,(138),Plumber,+1 800-572-7375,http://www.americanaplumbing.com/,https://www.google.com/maps/place/Americana+Plumbing+Experts+Inc./data=!4m7!3m6!1s0x80c2c704d1e5cf59:0xf84e089fa10f237d!8m2!3d34.2315074!4d-118.2326199!16s%2Fg%2F11f7hfdkwt!19sChIJWc_l0QTHwoARfSMPoZ8ITvg?authuser=0&hl=en&rclk=1
Orange Coast Plumbing,5.0,(211),Plumber,+1 562-219-4667,https://orangecoastplumbing.net/,https://www.google.com/maps/place/Orange+Coast+Plumbing/data=!4m7!3m6!1s0x80dd2b678f2ea149:0x4c52b7eacd7e73b0!8m2!3d33.9331282!4d-118.0154148!16s%2Fg%2F11b7w9n4f9!19sChIJSaEuj2cr3YARsHN-zeq3Ukw?authuser=0&hl=en&rclk=1
J G Plumbing and Sewer Inc,5.0,(64),Plumber,+1 909-232-7035,https://jgplumbinglaverne.com/,https://www.google.com/maps/place/J+G+Plumbing+and+Sewer+Inc/data=!4m7!3m6!1s0x80c32fbaf94ca63d:0x821cf92f4b2963e!8m2!3d34.1012199!4d-117.7653455!16s%2Fg%2F11f4qyxvqq!19sChIJPaZM-bovw4ARPpay9JLPIQg?authuser=0&hl=en&rclk=1
Orange Coast Plumbing,4.9,"(1,076)",Plumber,+1 714-831-5119,https://orangecoastplumbing.net/,https://www.google.com/maps/place/Orange+Coast+Plumbing/data=!4m7!3m6!1s0x80dcd86d4691eae3:0x56438290256d7f8c!8m2!3d33.758419!4d-117.9120025!16s%2Fg%2F1tj3lcv2!19sChIJ4-qRRm3Y3IARjH9tJZCCQ1Y?authuser=0&hl=en&rclk=1
J C Affordable plumbing,5.0,(74),Plumber,+1 510-300-4046,,https://www.google.com/maps/place/J+C+Affordable+plumbing/data=!4m7!3m6!1s0x808f917664eed829:0x760875cb85128940!8m2!3d37.5905066!4d-121.5556524!16s%2Fg%2F11mtrn9qc9!19sChIJKdjuZHaRj4ARQIkShct1CHY?authuser=0&hl=en&rclk=1
Plumbing Solutions,4.9,(140),Plumber,+1 925-250-4102,https://plumbingsolved.com/?utm_source=google&utm_medium=gmb&utm_campaign=Concord,https://www.google.com/maps/place/Plumbing+Solutions/data=!4m7!3m6!1s0x808566e3d98fdd3d:0x73904af8f9fb7008!8m2!3d37.9877354!4d-122.0419581!16s%2Fg%2F12htc74dh!19sChIJPd2P2eNmhYARCHD7-fhKkHM?authuser=0&hl=en&rclk=1
City Plumbing and Rooter,4.9,(221),Plumber,+1 818-280-6080,https://www.cityplumbingandrooter.com/locations/winnetka-ca,https://www.google.com/maps/place/City+Plumbing+and+Rooter/data=!4m7!3m6!1s0x80c29bd5d9e6e41b:0x2caefe1836f192c3!8m2!3d34.2127239!4d-118.5692881!16s%2Fg%2F11fmb5m9s7!19sChIJG-Tm2dWbwoARw5LxNhj-riw?authuser=0&hl=en&rclk=1
Orange Coast Plumbing,5.0,(226),Plumber,+1 562-291-6395,http://orangecoastplumbing.net/,https://www.google.com/maps/place/Orange+Coast+Plumbing/data=!4m7!3m6!1s0x80dd2fe74349e3eb:0x7e81f2dd06ea3e70!8m2!3d33.800208!4d-118.156064!16s%2Fg%2F11fwbktz9v!19sChIJ6-NJQ-cv3YARcD7qBt3ygX4?authuser=0&hl=en&rclk=1
Orange Coast Plumbing,5.0,(292),Plumber,+1 714-598-1379,https://orangecoastplumbing.net/,https://www.google.com/maps/place/Orange+Coast+Plumbing/data=!4m7!3m6!1s0x80dcd64d63212999:0xd3a3a140c25589e0!8m2!3d33.856771!4d-117.8454922!16s%2Fg%2F11b7wc4xd1!19sChIJmSkhY03W3IAR4IlVwkCho9M?authuser=0&hl=en&rclk=1
Virtue Plumbing Inc.,4.9,(45),Plumber,+1 559-916-8047,http://sites.google.com/view/virtueplumbing,https://www.google.com/maps/place/Virtue+Plumbing+Inc./data=!4m7!3m6!1s0x8094f1318b10b2a3:0x651b63d95d99183b!8m2!3d36.617956!4d-119.6909653!16s%2Fg%2F11n0f_mzh1!19sChIJo7IQizHxlIAROxiZXdljG2U?authuser=0&hl=en&rclk=1
Parker & Parker Plumbing,4.6,(56),Plumber,+1 559-625-4020,https://www.myppplumbing.com/,https://www.google.com/maps/place/Parker+%26+Parker+Plumbing/data=!4m7!3m6!1s0x80952649d9cfe0b3:0xab4341d0ad8bad12!8m2!3d36.338536!4d-119.3635526!16s%2Fg%2F1tdk5f32!19sChIJs-DP2UkmlYAREq2LrdBBQ6s?authuser=0&hl=en&rclk=1
Clovis Plumbing Services,5.0,(60),Plumber,+1 559-940-0890,https://clovisplumbingservices.com/,https://www.google.com/maps/place/Clovis+Plumbing+Services/data=!4m7!3m6!1s0x80945adc1ae6acbd:0xef5cceabd65966a3!8m2!3d36.8086724!4d-119.7309881!16s%2Fg%2F12qg3xjdl!19sChIJvazmGtxalIARo2ZZ1qvOXO8?authuser=0&hl=en&rclk=1
Goode Plumbing,4.9,(80),Plumber,+1 559-451-1887,http://goodeplumbingca.com/,https://www.google.com/maps/place/Goode+Plumbing/data=!4m7!3m6!1s0x80945b878ada42bd:0xa36ef8679007718e!8m2!3d36.8118362!4d-119.6962587!16s%2Fg%2F11clszd8f2!19sChIJvULaiodblIARjnEHkGf4bqM?authuser=0&hl=en&rclk=1
RLC Plumbing - Residential and Commercial Plumbers - 24 hour,4.8,(48),Plumber,+1 909-724-4450,https://rlc-plumbing.com/,https://www.google.com/maps/place/RLC+Plumbing+-+Residential+and+Commercial+Plumbers+-+24+hour/data=!4m7!3m6!1s0x80db44c929523cdb:0xea1b25e390c69432!8m2!3d33.8743155!4d-116.975458!16s%2Fg%2F11cknwjqb0!19sChIJ2zxSKclE24ARMpTGkOMlG-o?authuser=0&hl=en&rclk=1
Clear All Rooter Plumbing,4.9,(300),Plumber,+1 310-570-3129,http://clearallrooter.com/,https://www.google.com/maps/place/Clear+All+Rooter+Plumbing/data=!4m7!3m6!1s0x80dd4aee16b03d6f:0x84a1c0dccc5370ff!8m2!3d33.8246939!4d-118.1649748!16s%2Fg%2F11fzf8kvmc!19sChIJbz2wFu5K3YAR_3BTzNzAoYQ?authuser=0&hl=en&rclk=1
Pacific Plumbing Team,4.9,(104),Plumber,+1 323-645-2537,https://pacificplumbingteam.com/?utm_source=google&utm_medium=organic&utm_campaign=gmb,https://www.google.com/maps/place/Pacific+Plumbing+Team/data=!4m7!3m6!1s0x80c2bb510dc98673:0xed61186790aac619!8m2!3d34.0166924!4d-118.4126293!16s%2Fg%2F11rd9rpb2p!19sChIJc4bJDVG7woARGcaqkGcYYe0?authuser=0&hl=en&rclk=1
Plumber 2 The Rescue,4.9,(350),Plumber,+1 310-988-9003,http://www.plumber2rescue.com/,https://www.google.com/maps/place/Plumber+2+The+Rescue/data=!4m7!3m6!1s0x80c2ba39a8466dff:0x59e74a0cabddfca9!8m2!3d34.0129515!4d-118.4127481!16s%2Fg%2F11xx8hkl_!19sChIJ_21GqDm6woARqfzdqwxK51k?authuser=0&hl=en&rclk=1
Rapid Rooter Drain Master & Plumbing Experts,4.7,(322),Plumber,+1 559-440-9314,http://www.rapidrooterplumber.com/,https://www.google.com/maps/place/Rapid+Rooter+Drain+Master+%26+Plumbing+Experts/data=!4m7!3m6!1s0x8094681a232ef207:0x6942564195ec3cf7!8m2!3d36.8454855!4d-119.798553!16s%2Fg%2F12hs7jwtq!19sChIJB_IuIxpolIAR9zzslUFWQmk?authuser=0&hl=en&rclk=1
Rodriguez Plumbing RP,5.0,(61),Plumber,+1 559-696-6422,,https://www.google.com/maps/place/Rodriguez+Plumbing+RP/data=!4m7!3m6!1s0x80945f50ae1c228d:0x2e9d478dcadd0b8!8m2!3d36.6383615!4d-119.712776!16s%2Fg%2F11spwzk_t1!19sChIJjSIcrlBflIARuNCt3HjU6QI?authuser=0&hl=en&rclk=1
Professional Plumbing Services Inc.,5.0,(42),Plumber,+1 818-790-7270,http://professionalplumbingservices.com/,https://www.google.com/maps/place/Professional+Plumbing+Services+Inc./data=!4m7!3m6!1s0x80c2c1ad6914c625:0x9768aa6ea4c4897f!8m2!3d34.208631!4d-118.208608!16s%2Fg%2F11flv7rshx!19sChIJJcYUaa3BwoARf4nEpG6qaJc?authuser=0&hl=en&rclk=1
Orange Coast Plumbing,5.0,(264),Plumber,+1 714-598-0984,https://orangecoastplumbing.net/,https://www.google.com/maps/place/Orange+Coast+Plumbing/data=!4m7!3m6!1s0x80dcd86c9a237f81:0x21bf9770d58d2d95!8m2!3d33.7697714!4d-117.9936584!16s%2Fg%2F11bv2m00k_!19sChIJgX8jmmzY3IARlS2N1XCXvyE?authuser=0&hl=en&rclk=1
"California Hi-Tech Plumbing, Corp",4.9,(15),Plumber,+1 310-529-2714,https://californiahitechplumbing.com/,"https://www.google.com/maps/place/California+Hi-Tech+Plumbing,+Corp/data=!4m7!3m6!1s0x80c2b9f0cc62e713:0xc57ce50cefa48187!8m2!3d34.0650997!4d-118.3733621!16s%2Fg%2F11ghqcbkh2!19sChIJE-dizPC5woARh4Gk7wzlfMU?authuser=0&hl=en&rclk=1"
J Hart Plumbing,4.9,(96),Plumber,+1 209-533-1978,http://www.jhartplumbing.com/,https://www.google.com/maps/place/J+Hart+Plumbing/data=!4m7!3m6!1s0x8090c56ecfd5c9a9:0xaa57b344b7401a2!8m2!3d37.9633664!4d-120.3206218!16s%2Fg%2F1tgfqc52!19sChIJqcnVz27FkIARogF0SzR7pQo?authuser=0&hl=en&rclk=1
A1 Best Plumbing - Emergency Plumber Long Beach CA,4.9,(75),Plumber,+1 562-268-5480,http://www.a1bestplumbing.com/,https://www.google.com/maps/place/A1+Best+Plumbing+-+Emergency+Plumber+Long+Beach+CA/data=!4m7!3m6!1s0x80dd33d968fbc59f:0x868da4b98d9bc24c!8m2!3d33.802069!4d-118.1749551!16s%2Fg%2F11gdmc6zvs!19sChIJn8X7aNkz3YARTMKbjbmkjYY?authuser=0&hl=en&rclk=1
Tehachapi Plumbing,4.8,(42),Plumber,+1 661-822-6000,,https://www.google.com/maps/place/Tehachapi+Plumbing/data=!4m7!3m6!1s0x80c1f9372c5d67bd:0x1553758ff5807ff2!8m2!3d35.107402!4d-118.1404266!16s%2Fg%2F126496ngy!19sChIJvWddLDf5wYAR8n-A9Y91UxU?authuser=0&hl=en&rclk=1
"Coast Plumbing, Heating & Air, Inc.",4.7,(237),Plumber,+1 714-262-4009,https://www.coastplumbing.com/?utm_source=GMB&utm_medium=organic&utm_campaign=fountainvalley,"https://www.google.com/maps/place/Coast+Plumbing,+Heating+%26+Air,+Inc./data=!4m7!3m6!1s0x80dd275e9b3cad8b:0x594b51805aaf5fba!8m2!3d33.710706!4d-117.930134!16s%2Fg%2F1tw_nkbh!19sChIJi608m14n3YARul-vWoBRS1k?authuser=0&hl=en&rclk=1"
Plumbing Doctor,4.9,(142),Plumber,+1 530-756-2209,https://plumbingdoctor.com/,https://www.google.com/maps/place/Plumbing+Doctor/data=!4m7!3m6!1s0x8085299c5317222f:0x418eb7330f16e8f6!8m2!3d38.4788254!4d-121.9615325!16s%2Fg%2F1vy7gt34!19sChIJLyIXU5wphYAR9ugWDzO3jkE?authuser=0&hl=en&rclk=1
Cal Pro Plumbing Inc,5.0,(28),Plumber,+1 714-986-4084,,https://www.google.com/maps/place/Cal+Pro+Plumbing+Inc/data=!4m7!3m6!1s0x80dcd969823ac34b:0xfc1e4935cbd23231!8m2!3d33.7043954!4d-117.8173339!16s%2Fg%2F11fqk_7hg1!19sChIJS8M6gmnZ3IARMTLSyzVJHvw?authuser=0&hl=en&rclk=1
Plumbers Pro California,4.5,(15),Plumber,+1 209-299-7990,,https://www.google.com/maps/place/Plumbers+Pro+California/data=!4m7!3m6!1s0x80dca6f70377ce9f:0xa7b3128286d3465!8m2!3d34.020479!4d-117.8781265!16s%2Fm%2F076m3zx!19sChIJn853A_em3IARZTRtKCgxewo?authuser=0&hl=en&rclk=1
Anthony's Plumbing,4.9,(433),Plumber,+1 909-823-3807,http://anthonyplumber.com/,https://www.google.com/maps/place/Anthony%27s+Plumbing/data=!4m7!3m6!1s0x80c34bfeb458ed1f:0x973f335c6fb73891!8m2!3d34.039132!4d-117.395438!16s%2Fg%2F1tgp121q!19sChIJH-1YtP5Lw4ARkTi3b1wzP5c?authuser=0&hl=en&rclk=1
Big Joe's Plumbing,4.8,(54),Plumber,+1 559-264-7089,,https://www.google.com/maps/place/Big+Joe%27s+Plumbing/data=!4m7!3m6!1s0x80945e2b679e7247:0x7e57622a806895fe!8m2!3d36.7186477!4d-119.7903102!16s%2Fg%2F11c3111517!19sChIJR3KeZytelIAR_pVogCpiV34?authuser=0&hl=en&rclk=1
"Local Plumbers, Inc.",5.0,(120),Plumber,+1 855-505-6225,https://localplumbersla.com/,"https://www.google.com/maps/place/Local+Plumbers,+Inc./data=!4m7!3m6!1s0x80c28f6e586cde9d:0xee2fd58eeaa6947!8m2!3d34.3020402!4d-118.458897!16s%2Fg%2F11sb8pcvr2!19sChIJnd5sWG6PwoARR2mq7lj94g4?authuser=0&hl=en&rclk=1"
Pacific Plumbing Co.,4.2,(125),Plumber,+1 559-647-1092,http://www.pacificplumbing.biz/,https://www.google.com/maps/place/Pacific+Plumbing+Co./data=!4m7!3m6!1s0x80945bdc22dad6c5:0x80a3ce78ab108b55!8m2!3d37.2691675!4d-119.306607!16s%2Fg%2F1ptwgnykz!19sChIJxdbaItxblIARVYsQq3jOo4A?authuser=0&hl=en&rclk=1
Racer Robs Plumbing,4.8,(16),Plumber,+1 760-269-5682,http://www.racerrobsplumbing.com/,https://www.google.com/maps/place/Racer+Robs+Plumbing/data=!4m7!3m6!1s0x80c22d06a1c2fd8d:0x4eb99881f2f28725!8m2!3d34.279638!4d-117.16279!16s%2Fg%2F1tfmj1zb!19sChIJjf3CoQYtwoARJYfy8oGYuU4?authuser=0&hl=en&rclk=1
"Green Valley Plumbing, Inc.",5.0,(31),Plumber,+1 209-756-0716,http://greenvalleyplumbinginc.com/?utm_source=gmb&utm_medium=referral,"https://www.google.com/maps/place/Green+Valley+Plumbing,+Inc./data=!4m7!3m6!1s0x80916b63c0ce43db:0x59f4a922a4031b1c!8m2!3d37.1868726!4d-120.6503509!16s%2Fg%2F11g6qz784z!19sChIJ20POwGNrkYARHBsDpCKp9Fk?authuser=0&hl=en&rclk=1"
L.A to O.C Plumbing Pro,5.0,(33),Plumber,+1 323-239-8505,http://latoocplumbingpro.com/,https://www.google.com/maps/place/L.A+to+O.C+Plumbing+Pro/data=!4m7!3m6!1s0xac9d1fe3286a592f:0x9d6aa38d276bb6f3!8m2!3d33.835649!4d-118.0405814!16s%2Fg%2F11lcl8b4b9!19sChIJL1lqKOMfnawR87ZrJ42jap0?authuser=0&hl=en&rclk=1
Preferred Plumbing & Drain,4.5,(171),Plumber,+1 916-485-5100,https://www.emergencyplumbersca.com/,https://www.google.com/maps/place/Preferred+Plumbing+%26+Drain/data=!4m7!3m6!1s0x809ad91d9785c22b:0x734ea97503543ba5!8m2!3d38.6543851!4d-121.3848217!16s%2Fg%2F1tn4ydtg!19sChIJK8KFlx3ZmoARpTtUA3WpTnM?authuser=0&hl=en&rclk=1
A-1 Allstar Plumbing,4.7,(157),Plumber,+1 559-206-6172,https://www.a-1allstarplumbing.com/,https://www.google.com/maps/place/A-1+Allstar+Plumbing/data=!4m7!3m6!1s0x8094c381cd55474b:0xdce7e484aa9d2744!8m2!3d36.3242088!4d-119.6424378!16s%2Fg%2F1tj2j45d!19sChIJS0dVzYHDlIARRCedqoTk59w?authuser=0&hl=en&rclk=1
Valley Star Plumbing,4.9,(97),Plumber,+1 559-301-7996,https://valleystarplumbing.com/?utm_source=cumulus&utm_medium=onlinepresence&utm_campaign=gbp,https://www.google.com/maps/place/Valley+Star+Plumbing/data=!4m7!3m6!1s0x8b31ddb89508d65d:0xa6bdfe3b71183af4!8m2!3d36.7463754!4d-119.6396585!16s%2Fg%2F11vclzxx0d!19sChIJXdYIlbjdMYsR9DoYcTv-vaY?authuser=0&hl=en&rclk=1
Cal Plumbing & heating INC,4.9,(73),Plumber,+1 760-717-8521,https://calplumbingandheating.com/,https://www.google.com/maps/place/Cal+Plumbing+%26+heating+INC/data=!4m7!3m6!1s0x80dc745e0724d3dd:0x6a7f4c02048c8c0b!8m2!3d33.1968426!4d-117.1915654!16s%2Fg%2F1q5hrgyj5!19sChIJ3dMkB1503IARC4yMBAJMf2o?authuser=0&hl=en&rclk=1
Art of Plumbing,5.0,(49),Plumber,+1 559-635-1490,https://www.manta.com/c/mttqfty/the-art-of-plumbing,https://www.google.com/maps/place/Art+of+Plumbing/data=!4m7!3m6!1s0x8095286555555555:0x457cc17e76602748!8m2!3d36.6872084!4d-119.449746!16s%2Fg%2F1wk7r2x4!19sChIJVVVVVWUolYARSCdgdn7BfEU?authuser=0&hl=en&rclk=1
Chase & Sons Plumbing,4.4,(39),Plumber,+1 559-220-8200,,https://www.google.com/maps/place/Chase+%26+Sons+Plumbing/data=!4m7!3m6!1s0x80946756056f2ef9:0xcfe0f4253ba196ce!8m2!3d36.7611689!4d-119.7896475!16s%2Fg%2F1tgx6vvk!19sChIJ-S5vBVZnlIARzpahOyX04M8?authuser=0&hl=en&rclk=1
Beach Plumbing,4.9,(297),Plumber,+1 714-439-9556,https://www.beachplumbingservices.com/,https://www.google.com/maps/place/Beach+Plumbing/data=!4m7!3m6!1s0x80dd2febe0405c33:0x1492e29b83f99573!8m2!3d33.809564!4d-118.0365412!16s%2Fg%2F11r80w__l9!19sChIJM1xA4Osv3YARc5X5g5vikhQ?authuser=0&hl=en&rclk=1
Valley Plumbing,4.9,(123),Plumber,+1 818-436-6398,https://www.valley-plumbing.com/,https://www.google.com/maps/place/Valley+Plumbing/data=!4m7!3m6!1s0x80c297dc53be016d:0xd7d52952cee08668!8m2!3d34.2071473!4d-118.4180031!16s%2Fg%2F11sv2hvths!19sChIJbQG-U9yXwoARaIbgzlIp1dc?authuser=0&hl=en&rclk=1
Clear Water Plumbing,4.9,(181),Plumber,+1 949-308-3010,http://clearwaterplumbingoc.com/,https://www.google.com/maps/place/Clear+Water+Plumbing/data=!4m7!3m6!1s0x80dcf5744a7f94b5:0x145f8663a2edee64!8m2!3d33.4524253!4d-117.6179898!16s%2Fg%2F11s1rrt63w!19sChIJtZR_SnT13IARZO7tomOGXxQ?authuser=0&hl=en&rclk=1
Rooter Hero Plumbing & Air San Fernando Valley,4.9,(774),Plumber,+1 818-322-0624,https://rooterhero.com/san-fernando-valley,https://www.google.com/maps/place/Rooter+Hero+Plumbing+%26+Air+San+Fernando+Valley/data=!4m7!3m6!1s0x80c291ae6fcc9307:0x8a7ec8e42deedb04!8m2!3d34.2472206!4d-118.6012115!16s%2Fg%2F11d_2g42df!19sChIJB5PMb66RwoARBNvuLeTIfoo?authuser=0&hl=en&rclk=1
Personal Plumbing Heating & Cooling,4.9,"(1,066)",Plumber,+1 760-334-9155,https://personalplumbingsandiego.com/,https://www.google.com/maps/place/Personal+Plumbing+Heating+%26+Cooling/data=!4m7!3m6!1s0x80dc71d6d217db03:0xcdcb4274ef8ffa03!8m2!3d33.2166265!4d-117.3412534!16s%2Fg%2F11g4cj14rg!19sChIJA9sX0tZx3IARA_qP73RCy80?authuser=0&hl=en&rclk=1
SoCal Plumbing & Rooter Inc.,5.0,(53),Plumber,+1 714-482-3982,https://scalplumbing.com/brea/,https://www.google.com/maps/place/SoCal+Plumbing+%26+Rooter+Inc./data=!4m7!3m6!1s0x80dcd514d339dc79:0x142068fb23d3554!8m2!3d33.92379!4d-117.901418!16s%2Fg%2F11fzs3jsq2!19sChIJedw50xTV3IARVDU9so8GQgE?authuser=0&hl=en&rclk=1
Roberts Plumbing Hydro Jet and Rooter,4.9,(53),Plumber,+1 818-298-1344,https://thenorthridgeplumber.com/?utm_source=google&utm_medium=gbp&utm_campaign=maps,https://www.google.com/maps/place/Roberts+Plumbing+Hydro+Jet+and+Rooter/data=!4m7!3m6!1s0x80c29ae38d4de729:0xcff1a8891e3038a0!8m2!3d34.3001586!4d-118.6417726!16s%2Fg%2F11b75jlv8z!19sChIJKedNjeOawoARoDgwHomo8c8?authuser=0&hl=en&rclk=1
Accurate Plumbing,4.7,(90),Plumber,+1 530-894-1800,https://www.accurateplumbingchico.com/,https://www.google.com/maps/place/Accurate+Plumbing/data=!4m7!3m6!1s0x808328b72d051dcb:0x78715569fdf55a8c!8m2!3d39.7145362!4d-121.8210447!16s%2Fg%2F1tf31m74!19sChIJyx0FLbcog4ARjFr1_WlVcXg?authuser=0&hl=en&rclk=1
AC Plumbing Construction,4.9,(167),Plumber,+1 760-933-8854,https://www.acplumbingconstructioninc.com/,https://www.google.com/maps/place/AC+Plumbing+Construction/data=!4m7!3m6!1s0x80dc736fc0d60f35:0xb4f9323864ae539!8m2!3d33.1343112!4d-117.2790471!16s%2Fg%2F11g6wcdm3f!19sChIJNQ_WwG9z3IAROeVKhiOTTws?authuser=0&hl=en&rclk=1
Costless Plumbing Heating & Air Conditioning,4.5,(186),Plumber,+1 559-441-9600,http://www.costlessplumbing.net/,https://www.google.com/maps/place/Costless+Plumbing+Heating+%26+Air+Conditioning/data=!4m7!3m6!1s0x80945952ac878937:0x1be87dc182b79808!8m2!3d36.7524013!4d-119.6760906!16s%2Fg%2F1tdc5ghx!19sChIJN4mHrFJZlIARCJi3gsF96Bs?authuser=0&hl=en&rclk=1
Solo Plumbing Inc,5.0,(3),Plumber,+1 818-510-8517,https://soloplumbinginc.com/,https://www.google.com/maps/place/Solo+Plumbing+Inc/data=!4m7!3m6!1s0xae561154cc91fb51:0xbf8d8877f3a4f43!8m2!3d34.9541944!4d-117.978021!16s%2Fg%2F11s2n7ymt8!19sChIJUfuRzFQRVq4RQ086f4fY-As?authuser=0&hl=en&rclk=1
Redi-Rooter,4.9,(42),Plumber,+1 559-627-6790,http://redi-rooterplumbing.com/,https://www.google.com/maps/place/Redi-Rooter/data=!4m7!3m6!1s0x80952f9c2758faaf:0x7b66434c61edcdbd!8m2!3d36.327647!4d-119.2745592!16s%2Fg%2F11f11035xj!19sChIJr_pYJ5wvlYARvc3tYUxDZns?authuser=0&hl=en&rclk=1
Major League Plumbing,4.9,(67),Plumber,+1 562-380-8566,https://mlplumbing.net/,https://www.google.com/maps/place/Major+League+Plumbing/data=!4m7!3m6!1s0x694119dc312d2431:0x2a6115231357bd7d!8m2!3d35.3606114!4d-119.7024074!16s%2Fg%2F11rhc95kd4!19sChIJMSQtMdwZQWkRfb1XEyMVYSo?authuser=0&hl=en&rclk=1
Cali Plumbing & Rooter,5.0,(49),Plumber,+1 818-724-2728,https://caliplumbing.biz/,https://www.google.com/maps/place/Cali+Plumbing+%26+Rooter/data=!4m7!3m6!1s0x468304fd8df6fde1:0xe5133a46ec04037!8m2!3d34.2231225!4d-118.4386521!16s%2Fg%2F11rwm6mxzq!19sChIJ4f32jf0Eg0YRN0DAbqQzUQ4?authuser=0&hl=en&rclk=1
Snake 'N' Laterals,4.9,(156),Plumber,+1 559-712-9039,http://www.snakenlaterals.com/,https://www.google.com/maps/place/Snake+%27N%27+Laterals/data=!4m7!3m6!1s0x80945953b4bef751:0x2cd1f21e1cdd9c19!8m2!3d36.8159273!4d-119.6918182!16s%2Fg%2F11gfjcnmc6!19sChIJUfe-tFNZlIARGZzdHB7y0Sw?authuser=0&hl=en&rclk=1
Cali's Choice Plumbing & Restoration - 24 Hour Emergency Plumber,4.9,(44),Plumber,+1 949-674-3723,https://www.calischoice.com/?utm_campaign=gmb,https://www.google.com/maps/place/Cali%27s+Choice+Plumbing+%26+Restoration+-+24+Hour+Emergency+Plumber/data=!4m7!3m6!1s0x80dcdc9ab4919cc9:0x4d1c438b3c8bd967!8m2!3d33.7236439!4d-117.7717855!16s%2Fg%2F11c7sr23vn!19sChIJyZyRtJrc3IARZ9mLPItDHE0?authuser=0&hl=en&rclk=1
Cali's Choice Plumbing & Restoration - 24 Hour Emergency Plumber,,,,,,
Cali's Choice Plumbing & Restoration - 24 Hour Emergency Plumber,,,,,,
Cali's Choice Plumbing & Restoration - 24 Hour Emergency Plumber,,,,,,
Cali's Choice Plumbing & Restoration - 24 Hour Emergency Plumber,,,,,,
Cali's Choice Plumbing & Restoration - 24 Hour Emergency Plumber,,,,,,
Cali's Choice Plumbing & Restoration - 24 Hour Emergency Plumber,,,,,,
Cali's Choice Plumbing & Restoration - 24 Hour Emergency Plumber,,,,,,
Cali's Choice Plumbing & Restoration - 24 Hour Emergency Plumber,,,,,,
Cali's Choice Plumbing & Restoration - 24 Hour Emergency Plumber,,,,,,
Cali's Choice Plumbing & Restoration - 24 Hour Emergency Plumber,,,,,,
Cali's Choice Plumbing & Restoration - 24 Hour Emergency Plumber,,,,,,
Cali's Choice Plumbing & Restoration - 24 Hour Emergency Plumber,,,,,,
Cali's Choice Plumbing & Restoration - 24 Hour Emergency Plumber,,,,,,
Cali's Choice Plumbing & Restoration - 24 Hour Emergency Plumber,,,,,,
Cali's Choice Plumbing & Restoration - 24 Hour Emergency Plumber,,,,,,
Cali's Choice Plumbing & Restoration - 24 Hour Emergency Plumber,,,,,,
Cali's Choice Plumbing & Restoration - 24 Hour Emergency Plumber,,,,,,
Cali's Choice Plumbing & Restoration - 24 Hour Emergency Plumber,,,,,,
Cali's Choice Plumbing & Restoration - 24 Hour Emergency Plumber,,,,,,
Cali's Choice Plumbing & Restoration - 24 Hour Emergency Plumber,,,,,,
Cali's Choice Plumbing & Restoration - 24 Hour Emergency Plumber,,,,,,
Cali's Choice Plumbing & Restoration - 24 Hour Emergency Plumber,,,,,,
Cali's Choice Plumbing & Restoration - 24 Hour Emergency Plumber,,,,,,
Cali's Choice Plumbing & Restoration - 24 Hour Emergency Plumber,,,,,,
Cali's Choice Plumbing & Restoration - 24 Hour Emergency Plumber,,,,,,
Cali's Choice Plumbing & Restoration - 24 Hour Emergency Plumber,,,,,,
Cali's Choice Plumbing & Restoration - 24 Hour Emergency Plumber,,,,,,
Cali's Choice Plumbing & Restoration - 24 Hour Emergency Plumber,,,,,,
Cali's Choice Plumbing & Restoration - 24 Hour Emergency Plumber,,,,,,
Cali's Choice Plumbing & Restoration - 24 Hour Emergency Plumber,,,,,,
Cali's Choice Plumbing & Restoration - 24 Hour Emergency Plumber,,,,,,
Cali's Choice Plumbing & Restoration - 24 Hour Emergency Plumber,,,,,,
Cali's Choice Plumbing & Restoration - 24 Hour Emergency Plumber,,,,,,
Cali's Choice Plumbing & Restoration - 24 Hour Emergency Plumber,,,,,,
Cali's Choice Plumbing & Restoration - 24 Hour Emergency Plumber,,,,,,
Cali's Choice Plumbing & Restoration - 24 Hour Emergency Plumber,,,,,,
Cali's Choice Plumbing & Restoration - 24 Hour Emergency Plumber,,,,,,
Cali's Choice Plumbing & Restoration - 24 Hour Emergency Plumber,,,,,,
Cali's Choice Plumbing & Restoration - 24 Hour Emergency Plumber,,,,,,
Cali's Choice Plumbing & Restoration - 24 Hour Emergency Plumber,,,,,,
Cali's Choice Plumbing & Restoration - 24 Hour Emergency Plumber,,,,,,
Cali's Choice Plumbing & Restoration - 24 Hour Emergency Plumber,,,,,,
Cali's Choice Plumbing & Restoration - 24 Hour Emergency Plumber,,,,,,
Cali's Choice Plumbing & Restoration - 24 Hour Emergency Plumber,,,,,,
Cali's Choice Plumbing & Restoration - 24 Hour Emergency Plumber,,,,,,
Cali's Choice Plumbing & Restoration - 24 Hour Emergency Plumber,,,,,,
Cali's Choice Plumbing & Restoration - 24 Hour Emergency Plumber,,,,,,
Cali's Choice Plumbing & Restoration - 24 Hour Emergency Plumber,,,,,,
Cali's Choice Plumbing & Restoration - 24 Hour Emergency Plumber,,,,,,
Cali's Choice Plumbing & Restoration - 24 Hour Emergency Plumber,,,,,,
Cali's Choice Plumbing & Restoration - 24 Hour Emergency Plumber,,,,,,
Cali's Choice Plumbing & Restoration - 24 Hour Emergency Plumber,,,,,,
Cali's Choice Plumbing & Restoration - 24 Hour Emergency Plumber,,,,,,
Cali's Choice Plumbing & Restoration - 24 Hour Emergency Plumber,,,,,,
Cali's Choice Plumbing & Restoration - 24 Hour Emergency Plumber,,,,,,
Cali's Choice Plumbing & Restoration - 24 Hour Emergency Plumber,,,,,,
Cali's Choice Plumbing & Restoration - 24 Hour Emergency Plumber,,,,,,
Cali's Choice Plumbing & Restoration - 24 Hour Emergency Plumber,,,,,,
Cali's Choice Plumbing & Restoration - 24 Hour Emergency Plumber,,,,,,
Cali's Choice Plumbing & Restoration - 24 Hour Emergency Plumber,,,,,,
Cali's Choice Plumbing & Restoration - 24 Hour Emergency Plumber,,,,,,
